exch,token,tsym,optt,pp,ls,ti,strprc,instname,cname,dname,frzqty
NFO,65689,NIFTY30DEC25C26350,CE,2,75,0.05,26350.00,OPTIDX,NIFTY 30DEC25 26350 CE ,NIFTY 30DEC25 26350 CE ,0
NFO,65691,NIFTY30DEC25C26400,CE,2,75,0.05,26400.00,OPTIDX,NIFTY 30DEC25 26400 CE ,NIFTY 30DEC25 26400 CE ,0
NFO,65693,NIFTY30DEC25C26450,CE,2,75,0.05,26450.00,OPTIDX,NIFTY 30DEC25 26450 CE ,NIFTY 30DEC25 26450 CE ,0
NFO,65695,NIFTY30DEC25C26500,CE,2,75,0.05,26500.00,OPTIDX,NIFTY 30DEC25 26500 CE ,NIFTY 30DEC25 26500 CE ,0
NFO,65702,NIFTY30DEC25C26550,CE,2,75,0.05,26550.00,OPTIDX,NIFTY 30DEC25 26550 CE ,NIFTY 30DEC25 26550 CE ,0
NFO,65711,NIFTY30DEC25C26600,CE,2,75,0.05,26600.00,OPTIDX,NIFTY 30DEC25 26600 CE ,NIFTY 30DEC25 26600 CE ,0
NFO,65713,NIFTY30DEC25C26650,CE,2,75,0.05,26650.00,OPTIDX,NIFTY 30DEC25 26650 CE ,NIFTY 30DEC25 26650 CE ,0
NFO,65715,NIFTY30DEC25C26700,CE,2,75,0.05,26700.00,OPTIDX,NIFTY 30DEC25 26700 CE ,NIFTY 30DEC25 26700 CE ,0
NFO,65717,NIFTY30DEC25C26750,CE,2,75,0.05,26750.00,OPTIDX,NIFTY 30DEC25 26750 CE ,NIFTY 30DEC25 26750 CE ,0
NFO,65719,NIFTY30DEC25C26800,CE,2,75,0.05,26800.00,OPTIDX,NIFTY 30DEC25 26800 CE ,NIFTY 30DEC25 26800 CE ,0
NFO,65651,NIFTY30DEC25C26300,CE,2,75,0.05,26300.00,OPTIDX,NIFTY 30DEC25 26300 CE ,NIFTY 30DEC25 26300 CE ,0
NFO,65640,NIFTY30DEC25C26250,CE,2,75,0.05,26250.00,OPTIDX,NIFTY 30DEC25 26250 CE ,NIFTY 30DEC25 26250 CE ,0
NFO,65635,NIFTY30DEC25C26200,CE,2,75,0.05,26200.00,OPTIDX,NIFTY 30DEC25 26200 CE ,NIFTY 30DEC25 26200 CE ,0
NFO,65629,NIFTY30DEC25C26150,CE,2,75,0.05,26150.00,OPTIDX,NIFTY 30DEC25 26150 CE ,NIFTY 30DEC25 26150 CE ,0
NFO,65623,NIFTY30DEC25C26100,CE,2,75,0.05,26100.00,OPTIDX,NIFTY 30DEC25 26100 CE ,NIFTY 30DEC25 26100 CE ,0
NFO,65621,NIFTY30DEC25C26050,CE,2,75,0.05,26050.00,OPTIDX,NIFTY 30DEC25 26050 CE ,NIFTY 30DEC25 26050 CE ,0
NFO,71399,NIFTY30DEC25C26000,CE,2,75,0.05,26000.00,OPTIDX,NIFTY 30DEC25 26000 CE ,NIFTY 30DEC25 26000 CE ,0
NFO,65600,NIFTY30DEC25C25950,CE,2,75,0.05,25950.00,OPTIDX,NIFTY 30DEC25 25950 CE ,NIFTY 30DEC25 25950 CE ,0
NFO,65571,NIFTY30DEC25C25900,CE,2,75,0.05,25900.00,OPTIDX,NIFTY 30DEC25 25900 CE ,NIFTY 30DEC25 25900 CE ,0
NFO,65569,NIFTY30DEC25C25850,CE,2,75,0.05,25850.00,OPTIDX,NIFTY 30DEC25 25850 CE ,NIFTY 30DEC25 25850 CE ,0
NFO,65690,NIFTY30DEC25P26350,PE,2,75,0.05,26350.00,OPTIDX,NIFTY 30DEC25 26350 PE ,NIFTY 30DEC25 26350 PE ,0
NFO,65692,NIFTY30DEC25P26400,PE,2,75,0.05,26400.00,OPTIDX,NIFTY 30DEC25 26400 PE ,NIFTY 30DEC25 26400 PE ,0
NFO,65694,NIFTY30DEC25P26450,PE,2,75,0.05,26450.00,OPTIDX,NIFTY 30DEC25 26450 PE ,NIFTY 30DEC25 26450 PE ,0
NFO,65701,NIFTY30DEC25P26500,PE,2,75,0.05,26500.00,OPTIDX,NIFTY 30DEC25 26500 PE ,NIFTY 30DEC25 26500 PE ,0
NFO,65710,NIFTY30DEC25P26550,PE,2,75,0.05,26550.00,OPTIDX,NIFTY 30DEC25 26550 PE ,NIFTY 30DEC25 26550 PE ,0
NFO,65712,NIFTY30DEC25P26600,PE,2,75,0.05,26600.00,OPTIDX,NIFTY 30DEC25 26600 PE ,NIFTY 30DEC25 26600 PE ,0
NFO,65714,NIFTY30DEC25P26650,PE,2,75,0.05,26650.00,OPTIDX,NIFTY 30DEC25 26650 PE ,NIFTY 30DEC25 26650 PE ,0
NFO,65716,NIFTY30DEC25P26700,PE,2,75,0.05,26700.00,OPTIDX,NIFTY 30DEC25 26700 PE ,NIFTY 30DEC25 26700 PE ,0
NFO,65718,NIFTY30DEC25P26750,PE,2,75,0.05,26750.00,OPTIDX,NIFTY 30DEC25 26750 PE ,NIFTY 30DEC25 26750 PE ,0
NFO,65724,NIFTY30DEC25P26800,PE,2,75,0.05,26800.00,OPTIDX,NIFTY 30DEC25 26800 PE ,NIFTY 30DEC25 26800 PE ,0
NFO,65652,NIFTY30DEC25P26300,PE,2,75,0.05,26300.00,OPTIDX,NIFTY 30DEC25 26300 PE ,NIFTY 30DEC25 26300 PE ,0
NFO,65647,NIFTY30DEC25P26250,PE,2,75,0.05,26250.00,OPTIDX,NIFTY 30DEC25 26250 PE ,NIFTY 30DEC25 26250 PE ,0
NFO,65639,NIFTY30DEC25P26200,PE,2,75,0.05,26200.00,OPTIDX,NIFTY 30DEC25 26200 PE ,NIFTY 30DEC25 26200 PE ,0
NFO,65634,NIFTY30DEC25P26150,PE,2,75,0.05,26150.00,OPTIDX,NIFTY 30DEC25 26150 PE ,NIFTY 30DEC25 26150 PE ,0
NFO,65628,NIFTY30DEC25P26100,PE,2,75,0.05,26100.00,OPTIDX,NIFTY 30DEC25 26100 PE ,NIFTY 30DEC25 26100 PE ,0
NFO,65622,NIFTY30DEC25P26050,PE,2,75,0.05,26050.00,OPTIDX,NIFTY 30DEC25 26050 PE ,NIFTY 30DEC25 26050 PE ,0
NFO,71403,NIFTY30DEC25P26000,PE,2,75,0.05,26000.00,OPTIDX,NIFTY 30DEC25 26000 PE ,NIFTY 30DEC25 26000 PE ,0
NFO,65620,NIFTY30DEC25P25950,PE,2,75,0.05,25950.00,OPTIDX,NIFTY 30DEC25 25950 PE ,NIFTY 30DEC25 25950 PE ,0
NFO,65599,NIFTY30DEC25P25900,PE,2,75,0.05,25900.00,OPTIDX,NIFTY 30DEC25 25900 PE ,NIFTY 30DEC25 25900 PE ,0
NFO,65570,NIFTY30DEC25P25850,PE,2,75,0.05,25850.00,OPTIDX,NIFTY 30DEC25 25850 PE ,NIFTY 30DEC25 25850 PE ,0
