stat,norenordno,kidid,uid,actid,exch,tsym,rejby,src_uid,qty,ipaddr,ordenttm,trantype,prctyp,ret,rejreason,token,mult,prcftr,instname,ordersource,cname,pp,ls,ti,prc,rprc,dscqty,brnchid,C,s_prdt_ali,prd,status,st_intrn,norentm,exch_tm,exchordid,rqty,timestamp
Ok,25120100340325,1,FN124730,FN124730,NSE,INFY-EQ,,,1,49.36.186.159,1764573434,B,LMT,DAY, ,1594,1,1.000000,EQ,API,INFOSYS LIMITED,2,1,0.10,1500.00,1500.00,0,HO,C,CNC,C,OPEN,OPEN,12:47:14 01-12-2025,01-12-2025 12:47:14,1100000039363207,1,2025-12-01 12:47:14.603921
Ok,25120100337403,1,FN124730,FN124730,NSE,INFY-EQ,,,1,49.36.186.159,1764573269,B,LMT,DAY, ,1594,1,1.000000,EQ,API,INFOSYS LIMITED,2,1,0.10,1500.00,1500.00,0,HO,C,CNC,C,OPEN,OPEN,12:44:29 01-12-2025,01-12-2025 12:44:29,1100000039027685,1,2025-12-01 12:47:14.603921
Ok,25120100331804,1,FN124730,FN124730,NSE,INFY-EQ,,,1,49.36.186.159,1764573020,B,LMT,DAY, ,1594,1,1.000000,EQ,API,INFOSYS LIMITED,2,1,0.10,1500.00,1500.00,0,HO,C,CNC,C,OPEN,OPEN,12:40:20 01-12-2025,01-12-2025 12:40:20,1100000038466245,1,2025-12-01 12:47:14.603921
Ok,25120100328199,1,FN124730,FN124730,NSE,INFY-EQ,,,1,49.36.186.159,1764572841,B,LMT,DAY, ,1594,1,1.000000,EQ,API,INFOSYS LIMITED,2,1,0.10,1500.00,1500.00,0,HO,C,CNC,C,OPEN,OPEN,12:37:21 01-12-2025,01-12-2025 12:37:21,1100000038078949,1,2025-12-01 12:47:14.603921
Ok,25120100313674,1,FN124730,FN124730,NSE,INFY-EQ,,,1,49.36.186.159,1764572221,B,LMT,DAY, ,1594,1,1.000000,EQ,API,INFOSYS LIMITED,2,1,0.10,1500.00,1500.00,0,HO,C,CNC,C,OPEN,OPEN,12:27:01 01-12-2025,01-12-2025 12:27:01,1100000036683114,1,2025-12-01 12:47:14.603921
